-- Criação das tabelas

CREATE TABLE Plano (
    ID NUMBER(2,0) CONSTRAINT PK_Plano PRIMARY KEY,
    Nome VARCHAR2(50),
    Valor FLOAT NOT NULL
);

CREATE TABLE Personal_Trainer (
    CREF VARCHAR2(11) CONSTRAINT PK_PersonalTreiner PRIMARY KEY,
    Nome VARCHAR2(50) NOT NULL
);

CREATE TABLE Equipamento( 
	Cod INT GENERATED ALWAYS AS IDENTITY (START WITH 1 INCREMENT BY 1) NOT NULL, 
	CONSTRAINT PK_Equipamento PRIMARY KEY (Cod) 
);

CREATE TABLE Exercicio( 
	ID INT GENERATED ALWAYS AS IDENTITY (START WITH 1 INCREMENT BY 1) NOT NULL, 
	CONSTRAINT PK_Exercicio PRIMARY KEY (ID) 
);

CREATE TABLE Usuario_da_Academia (
    CPF VARCHAR2(11) CONSTRAINT PK_UsuarioAcademia PRIMARY KEY,
    Nome VARCHAR2(50) not null,
    Bairro VARCHAR2(50) not null,
    Rua VARCHAR2(50) not null,
    NCasa VARCHAR2(5) not null,
    Nascimento DATE not null
);

CREATE TABLE Contato (
    CPF VARCHAR2(11),
    Contato VARCHAR2(50) NOT NULL,
    CONSTRAINT FK_Contato_UsuarioC FOREIGN KEY (CPF) REFERENCES Usuario_da_Academia(CPF) ON DELETE CASCADE
);

CREATE TABLE Aluno (
    CPF VARCHAR2(11) CONSTRAINT PK_Aluno PRIMARY KEY,
    ID_Plano NUMBER(2,0) NOT NULL,
    CREF_PT VARCHAR2(11),
    CONSTRAINT FK_CPFA FOREIGN KEY (CPF) REFERENCES Usuario_da_Academia(CPF) ON DELETE CASCADE,
    CONSTRAINT FK_ID_PlanoA FOREIGN KEY (ID_Plano) REFERENCES Plano(ID) ON DELETE CASCADE,
    CONSTRAINT FK_CREF_PTA FOREIGN KEY (CREF_PT) REFERENCES Personal_Trainer(CREF) ON DELETE CASCADE
);

CREATE TABLE Funcionario (
    CPF_func VARCHAR2(11) CONSTRAINT PK_Funcionario PRIMARY KEY,
    Salario INT NOT NULL,
    CPF_chefe VARCHAR2(11),
    CONSTRAINT FK_CPF_funcF FOREIGN KEY (CPF_func) REFERENCES Usuario_da_Academia(CPF) ON DELETE CASCADE,
    CONSTRAINT FK_CPF_chefeF FOREIGN KEY (CPF_chefe) REFERENCES Funcionario(CPF_func) ON DELETE CASCADE
);

CREATE TABLE Instrutor (
    CPF VARCHAR2(11) CONSTRAINT PK_Instrutor PRIMARY KEY,
    CONSTRAINT FK_CPFI FOREIGN KEY (CPF) REFERENCES Funcionario(CPF_func) ON DELETE CASCADE
);

CREATE TABLE Administracao (
    CPF VARCHAR2(11) CONSTRAINT PK_Administracao PRIMARY KEY,
    Funcao VARCHAR2(50) NOT NULL,
    CONSTRAINT FK_CPF_AdministracaoA FOREIGN KEY (CPF) REFERENCES Funcionario(CPF_func) ON DELETE CASCADE
);

CREATE TABLE Avaliacao_Fisica (
    ID INT GENERATED ALWAYS AS IDENTITY (START WITH 1 INCREMENT BY 1) NOT NULL CONSTRAINT PK_Avaliacao_Fisica PRIMARY KEY,
    Data DATE NOT NULL,
    CPF_Aluno VARCHAR2(11) NOT NULL,
    CPF_Instrutor VARCHAR2(11) NOT NULL,
    CONSTRAINT FK_CPF_AlunoAF FOREIGN KEY (CPF_Aluno) REFERENCES Aluno(CPF) ON DELETE CASCADE,
    CONSTRAINT FK_CPF_InstrutorAF FOREIGN KEY (CPF_Instrutor) REFERENCES Instrutor(CPF) ON DELETE CASCADE
);

CREATE TABLE Tem (
    CPF_Aluno VARCHAR2(11),
    CPF_Instrutor VARCHAR2(11),
    CONSTRAINT PK_Tem PRIMARY KEY (CPF_Aluno, CPF_Instrutor),
    CONSTRAINT FK_CPF_AlunoT FOREIGN KEY (CPF_Aluno) REFERENCES Aluno(CPF) ON DELETE CASCADE,
    CONSTRAINT FK_CPF_InstrutorT FOREIGN KEY (CPF_Instrutor) REFERENCES Instrutor(CPF) ON DELETE CASCADE
);

CREATE TABLE Ficha_de_treino (
    Cod INT GENERATED ALWAYS AS IDENTITY (START WITH 1 INCREMENT BY 1) NOT NULL CONSTRAINT PK_Ficha_de_treino PRIMARY KEY,
    CPF_Aluno VARCHAR2(11) NOT NULL,
    CPF_Instrutor VARCHAR2(11) NOT NULL,
    CONSTRAINT FK_CPF_Aluno_InstrutorFT FOREIGN KEY (CPF_Aluno, CPF_Instrutor) REFERENCES Tem(CPF_Aluno, CPF_Instrutor) ON DELETE CASCADE
);

CREATE TABLE Acompanhante (
    CPF VARCHAR2(11) CONSTRAINT PK_Acompanhante PRIMARY KEY,
    Nome VARCHAR2(100) NOT NULL,
    CONSTRAINT FK_CPF_Acompanhante FOREIGN KEY (CPF) REFERENCES Aluno(CPF) ON DELETE CASCADE
);

CREATE TABLE ContatoAc (
    CPF VARCHAR2(11),
    Contato VARCHAR2(50) NOT NULL,
    CONSTRAINT PK_ContatoAc PRIMARY KEY (CPF, Contato),
    CONSTRAINT FK_CPF_ContatoAC FOREIGN KEY (CPF) REFERENCES Acompanhante(CPF) ON DELETE CASCADE
);

CREATE TABLE Contratou (
    CPF_Aluno VARCHAR2(11),
    ID_Plano NUMBER(10),
    Data DATE NOT NULL,
    Desconto NUMBER(5, 2),
    CONSTRAINT PK_Contratou PRIMARY KEY (CPF_Aluno, ID_Plano, Data),
    CONSTRAINT FK_CPF_AlunoContr FOREIGN KEY (CPF_Aluno) REFERENCES Aluno(CPF) ON DELETE CASCADE,
    CONSTRAINT FK_ID_PlanoContr FOREIGN KEY (ID_Plano) REFERENCES Plano(ID) ON DELETE CASCADE
);

CREATE TABLE FT_POSSUI_Ex (
    Cod NUMBER(10),
    ID NUMBER(10),
    CONSTRAINT PK_FT_POSSUI_Ex PRIMARY KEY (Cod, ID),
    CONSTRAINT FK_Cod_Ficha_de_treinoFPE FOREIGN KEY (Cod) REFERENCES Ficha_de_treino(Cod) ON DELETE CASCADE,
    CONSTRAINT FK_ID_ExercicioFPE FOREIGN KEY (ID) REFERENCES Exercicio(ID) ON DELETE CASCADE
);

CREATE TABLE Realiza (
    CPF_Aluno VARCHAR2(11),
    COD_Equipamento NUMBER(10),
    ID NUMBER(10),
    Data DATE,
    CONSTRAINT PK_Realiza PRIMARY KEY (CPF_Aluno, COD_Equipamento, ID, Data),
    CONSTRAINT FK_CPF_AlunoR FOREIGN KEY (CPF_Aluno) REFERENCES Aluno(CPF) ON DELETE CASCADE,
    CONSTRAINT FK_COD_EquipamentoR FOREIGN KEY (COD_Equipamento) REFERENCES Equipamento(COD) ON DELETE CASCADE,
    CONSTRAINT FK_ID_ExercicioR FOREIGN KEY (ID) REFERENCES Exercicio(ID) ON DELETE CASCADE
);

-- Povoamento das tabelas

-- Plano(ID Plano, Nome_Plano, Valor)
INSERT INTO PLANO VALUES (1, 'MENSAL', 120.00);
INSERT INTO PLANO VALUES (2, 'TRIMESTRAL', 350.00);
INSERT INTO PLANO VALUES (3, 'SEMESTRAL', 600.00);
INSERT INTO PLANO VALUES (4, 'ANUAL', 1100.00);

-- Personal Trainer(CREF, Nome) 
INSERT INTO PERSONAL_TRAINER VALUES ('123456-G/SP', 'Carlos Almeida');
INSERT INTO PERSONAL_TRAINER VALUES ('654321-M/RJ', 'Mariana Souza');
INSERT INTO PERSONAL_TRAINER VALUES ('987654-P/MG', 'Fernando Oliveira');

-- Equipamento (COD)
INSERT INTO EQUIPAMENTO VALUES (DEFAULT);
INSERT INTO EQUIPAMENTO VALUES (DEFAULT);
INSERT INTO EQUIPAMENTO VALUES (DEFAULT);
INSERT INTO EQUIPAMENTO VALUES (DEFAULT);
INSERT INTO EQUIPAMENTO VALUES (DEFAULT);
INSERT INTO EQUIPAMENTO VALUES (DEFAULT);
INSERT INTO EQUIPAMENTO VALUES (DEFAULT);
INSERT INTO EQUIPAMENTO VALUES (DEFAULT);
INSERT INTO EQUIPAMENTO VALUES (DEFAULT);
INSERT INTO EQUIPAMENTO VALUES (DEFAULT);
INSERT INTO EQUIPAMENTO VALUES (DEFAULT);
INSERT INTO EQUIPAMENTO VALUES (DEFAULT);
INSERT INTO EQUIPAMENTO VALUES (DEFAULT);
INSERT INTO EQUIPAMENTO VALUES (DEFAULT);
INSERT INTO EQUIPAMENTO VALUES (DEFAULT);

-- Exercicios (ID)
INSERT INTO EXERCICIO VALUES (DEFAULT);
INSERT INTO EXERCICIO VALUES (DEFAULT);
INSERT INTO EXERCICIO VALUES (DEFAULT);
INSERT INTO EXERCICIO VALUES (DEFAULT);
INSERT INTO EXERCICIO VALUES (DEFAULT);

-- Usuario_da_Academia (CPF, Nome, Endereço_Bairro, Endereço_Rua, Endereço_NCasa, Nascimento)
INSERT INTO USUARIO_DA_ACADEMIA (CPF, Nome, Bairro, Rua, NCasa, Nascimento) VALUES ('12345678900', 'Ana Pereira', 'Centro', 'Rua A', '101', TO_DATE('12-03-1995', 'DD-MM-YYYY'));
INSERT INTO USUARIO_DA_ACADEMIA (CPF, Nome, Bairro, Rua, NCasa, Nascimento) VALUES ('98765432111', 'Bruno Santos', 'Boa Viagem', 'Rua B', '202', TO_DATE('1998-07-25', 'YYYY-MM-DD'));
INSERT INTO USUARIO_DA_ACADEMIA (CPF, Nome, Bairro, Rua, NCasa, Nascimento) VALUES ('45612378922', 'Camila Rocha', 'Recife Antigo', 'Rua C', '303', TO_DATE('1992-11-10', 'YYYY-MM-DD'));
INSERT INTO USUARIO_DA_ACADEMIA (CPF, Nome, Bairro, Rua, NCasa, Nascimento) VALUES ('78945612333', 'Daniel Lima', 'Pina', 'Rua D', '404', TO_DATE('2000-05-30', 'YYYY-MM-DD'));
INSERT INTO USUARIO_DA_ACADEMIA (CPF, Nome, Bairro, Rua, NCasa, Nascimento) VALUES ('32165498744', 'Eduardo Silva', 'Casa Forte', 'Rua E', '505', TO_DATE('1993-09-15', 'YYYY-MM-DD'));
INSERT INTO USUARIO_DA_ACADEMIA (CPF, Nome, Bairro, Rua, NCasa, Nascimento) VALUES ('74185296355', 'Fernanda Costa', 'Boa Vista', 'Rua F', '606', TO_DATE('1996-01-20', 'YYYY-MM-DD'));
INSERT INTO USUARIO_DA_ACADEMIA (CPF, Nome, Bairro, Rua, NCasa, Nascimento) VALUES ('15935785266', 'Gabriela Martins', 'Tamarineira', 'Rua G', '707', TO_DATE('1999-04-05', 'YYYY-MM-DD'));
INSERT INTO USUARIO_DA_ACADEMIA (CPF, Nome, Bairro, Rua, NCasa, Nascimento) VALUES ('85274196377', 'Henrique Santos', 'Graças', 'Rua H', '808', TO_DATE('1994-06-18', 'YYYY-MM-DD'));

INSERT INTO Usuario_da_Academia (CPF, Nome, Bairro, Rua, NCasa, Nascimento) VALUES ('11122233344', 'Chefe', 'Centro', 'Rua X', 1, TO_DATE('1980-01-01', 'YYYY-MM-DD'));
INSERT INTO Usuario_da_Academia (CPF, Nome, Bairro, Rua, NCasa, Nascimento) VALUES ('55566677788', 'Funcionario 1', 'Centro', 'Rua Y', 2, TO_DATE('1990-02-02', 'YYYY-MM-DD'));
INSERT INTO Usuario_da_Academia (CPF, Nome, Bairro, Rua, NCasa, Nascimento) VALUES ('99988877766', 'Funcionario 2', 'Centro', 'Rua Z', 3, TO_DATE('1991-03-03', 'YYYY-MM-DD'));
INSERT INTO Usuario_da_Academia (CPF, Nome, Bairro, Rua, NCasa, Nascimento) VALUES ('22233344455', 'Funcionario 3', 'Centro', 'Rua A', 4, TO_DATE('1992-04-04', 'YYYY-MM-DD'));
INSERT INTO Usuario_da_Academia (CPF, Nome, Bairro, Rua, NCasa, Nascimento) VALUES ('77788899900', 'Funcionario 4', 'Centro', 'Rua B', 5, TO_DATE('1993-05-05', 'YYYY-MM-DD'));
INSERT INTO Usuario_da_Academia (CPF, Nome, Bairro, Rua, NCasa, Nascimento) VALUES ('22223333444', 'Funcionario 5', 'Centro', 'Rua C', 6, TO_DATE('1994-06-06', 'YYYY-MM-DD'));
INSERT INTO Usuario_da_Academia (CPF, Nome, Bairro, Rua, NCasa, Nascimento) VALUES ('33334444555', 'Funcionario 6', 'Centro', 'Rua D', 7, TO_DATE('1995-07-07', 'YYYY-MM-DD'));
INSERT INTO Usuario_da_Academia (CPF, Nome, Bairro, Rua, NCasa, Nascimento) VALUES ('44445555666', 'Funcionario 7', 'Centro', 'Rua E', 8, TO_DATE('1996-08-08', 'YYYY-MM-DD'));
INSERT INTO Usuario_da_Academia (CPF, Nome, Bairro, Rua, NCasa, Nascimento) VALUES ('55556666777', 'Funcionario 8', 'Centro', 'Rua F', 9, TO_DATE('1997-09-09', 'YYYY-MM-DD'));
INSERT INTO Usuario_da_Academia (CPF, Nome, Bairro, Rua, NCasa, Nascimento) VALUES ('66667777888', 'Funcionario 9', 'Centro', 'Rua G', 10, TO_DATE('1998-10-10', 'YYYY-MM-DD'));

-- Contato (CPF, Contato)
INSERT INTO CONTATO (CPF, Contato) VALUES ('12345678900', '81999998888');
INSERT INTO CONTATO (CPF, Contato) VALUES ('12345678900', '81333334444');
INSERT INTO CONTATO (CPF, Contato) VALUES ('12345678900', 'Ana.Pereira@gmail.com');
INSERT INTO CONTATO (CPF, Contato) VALUES ('98765432111', '81988887777');
INSERT INTO CONTATO (CPF, Contato) VALUES ('98765432111', '81998239843');
INSERT INTO CONTATO (CPF, Contato) VALUES ('98765432111', 'Brunaosantos@hotmail.com');
INSERT INTO CONTATO (CPF, Contato) VALUES ('45612378922', '81977776666');
INSERT INTO CONTATO (CPF, Contato) VALUES ('45612378922', 'cr@cin.ufpe.br');
INSERT INTO CONTATO (CPF, Contato) VALUES ('78945612333', '81966665555');
INSERT INTO CONTATO (CPF, Contato) VALUES ('78945612333', '81932312543');
INSERT INTO CONTATO (CPF, Contato) VALUES ('32165498744', '81955554444');
INSERT INTO CONTATO (CPF, Contato) VALUES ('32165498744', '819534232424');
INSERT INTO CONTATO (CPF, Contato) VALUES ('74185296355', '81944443333');
INSERT INTO CONTATO (CPF, Contato) VALUES ('74185296355', 'Fecosta3@outlook.com');
INSERT INTO CONTATO (CPF, Contato) VALUES ('15935785266', '81933332222');
INSERT INTO CONTATO (CPF, Contato) VALUES ('15935785266', '81999342344');
INSERT INTO CONTATO (CPF, Contato) VALUES ('85274196377', '81922221111');
INSERT INTO CONTATO (CPF, Contato) VALUES ('85274196377', '81999999992');
INSERT INTO CONTATO (CPF, Contato) VALUES ('85274196377', 'Motosserra34@gmail.com');

-- Aluno (CPF, ID_Plano, CREF_PT)
INSERT INTO ALUNO (CPF, ID_Plano, CREF_PT) VALUES ('12345678900', 1, '123456-G/SP');
INSERT INTO ALUNO (CPF, ID_Plano, CREF_PT) VALUES ('98765432111', 2, NULL);
INSERT INTO ALUNO (CPF, ID_Plano, CREF_PT) VALUES ('45612378922', 3, '654321-M/RJ');
INSERT INTO ALUNO (CPF, ID_Plano, CREF_PT) VALUES ('78945612333', 1, NULL);
INSERT INTO ALUNO (CPF, ID_Plano, CREF_PT) VALUES ('32165498744', 2, '987654-P/MG');
INSERT INTO ALUNO (CPF, ID_Plano, CREF_PT) VALUES ('74185296355', 3, '123456-G/SP'); 
INSERT INTO ALUNO (CPF, ID_Plano, CREF_PT) VALUES ('15935785266', 1, NULL);
INSERT INTO ALUNO (CPF, ID_Plano, CREF_PT) VALUES ('85274196377', 2, '654321-M/RJ');

-- Funcionário(CPF_Func, Salário, CPF_CHEFE)
-- Chefe (CPF_CHEFE IS NULL)
INSERT INTO FUNCIONARIO VALUES ('11122233344', 9000.00, NULL);

-- Funcionários que possuem o chefe acima
INSERT INTO FUNCIONARIO VALUES ('55566677788', 4000.00, '11122233344');
INSERT INTO FUNCIONARIO VALUES ('99988877766', 4500.00, '11122233344');
INSERT INTO FUNCIONARIO VALUES ('22233344455', 4200.00, '11122233344');
INSERT INTO FUNCIONARIO VALUES ('77788899900', 4100.00, '11122233344');
INSERT INTO FUNCIONARIO VALUES ('22223333444', 2000.00, '11122233344');
INSERT INTO FUNCIONARIO VALUES ('33334444555', 2200.00, '11122233344');
INSERT INTO FUNCIONARIO VALUES ('44445555666', 2100.00, '11122233344');
INSERT INTO FUNCIONARIO VALUES ('55556666777', 6000.00, '11122233344');
INSERT INTO FUNCIONARIO VALUES ('66667777888', 6500.00, '11122233344');

-- Instrutor (CPF)
INSERT INTO INSTRUTOR VALUES ('55566677788');
INSERT INTO INSTRUTOR VALUES ('99988877766');
INSERT INTO INSTRUTOR VALUES ('22233344455');
INSERT INTO INSTRUTOR VALUES ('77788899900');

--Administração (CPF, FUNCAO)
INSERT INTO Administracao (CPF, Funcao) VALUES ('11122233344', 'Dono');
INSERT INTO Administracao (CPF, Funcao) VALUES ('22223333444', 'Faxineiro');
INSERT INTO Administracao (CPF, Funcao) VALUES ('33334444555', 'Faxineiro');
INSERT INTO Administracao (CPF, Funcao) VALUES ('44445555666', 'Recepcionista');
INSERT INTO Administracao (CPF, Funcao) VALUES ('55556666777', 'Recepcionista');
INSERT INTO Administracao (CPF, Funcao) VALUES ('66667777888', 'RH');

-- Avaliação Física (Data, CPF_Aluno, CPF_Func)
INSERT INTO AVALIACAO_FISICA (Data, CPF_Aluno, CPF_Instrutor) VALUES (TO_DATE('01-03-2024', 'DD-MM-YYYY'), '12345678900', '55566677788');
INSERT INTO AVALIACAO_FISICA (Data, CPF_Aluno, CPF_Instrutor) VALUES (TO_DATE('05-03-2024', 'DD-MM-YYYY'), '98765432111', '99988877766');
INSERT INTO AVALIACAO_FISICA (Data, CPF_Aluno, CPF_Instrutor) VALUES (TO_DATE('10-03-2024', 'DD-MM-YYYY'), '45612378922', '22233344455');
INSERT INTO AVALIACAO_FISICA (Data, CPF_Aluno, CPF_Instrutor) VALUES (TO_DATE('15-03-2024', 'DD-MM-YYYY'), '78945612333', '77788899900');
INSERT INTO AVALIACAO_FISICA (Data, CPF_Aluno, CPF_Instrutor) VALUES (TO_DATE('20-03-2024', 'DD-MM-YYYY'), '32165498744', '55566677788');

-- TEM (CPF_Aluno, CPF_Instrutor)
INSERT INTO TEM (CPF_Aluno, CPF_Instrutor) VALUES ('12345678900', '55566677788');
INSERT INTO TEM (CPF_Aluno, CPF_Instrutor) VALUES ('98765432111', '99988877766');
INSERT INTO TEM (CPF_Aluno, CPF_Instrutor) VALUES ('45612378922', '22233344455');
INSERT INTO TEM (CPF_Aluno, CPF_Instrutor) VALUES ('78945612333', '77788899900');
INSERT INTO TEM (CPF_Aluno, CPF_Instrutor) VALUES ('32165498744', '55566677788');
INSERT INTO TEM (CPF_Aluno, CPF_Instrutor) VALUES ('74185296355', '99988877766');

-- Ficha de Treino 
INSERT INTO Ficha_de_Treino (CPF_Aluno, CPF_Instrutor) VALUES ('12345678900', '55566677788');
INSERT INTO Ficha_de_Treino (CPF_Aluno, CPF_Instrutor) VALUES ('98765432111', '99988877766');
INSERT INTO Ficha_de_Treino (CPF_Aluno, CPF_Instrutor) VALUES ('45612378922', '22233344455');
INSERT INTO Ficha_de_Treino (CPF_Aluno, CPF_Instrutor) VALUES ('78945612333', '77788899900');
INSERT INTO Ficha_de_Treino (CPF_Aluno, CPF_Instrutor) VALUES ('32165498744', '55566677788');
INSERT INTO Ficha_de_Treino (CPF_Aluno, CPF_Instrutor) VALUES ('74185296355', '99988877766');

-- Acompanhante(CPF, Nome)
INSERT INTO ACOMPANHANTE VALUES ('12345678900', 'Ana Pereira');
INSERT INTO ACOMPANHANTE VALUES ('98765432111', 'Bruno Santos');
INSERT INTO ACOMPANHANTE VALUES ('45612378922', 'Camila Rocha');

-- ContatoAc(CPF, ContatoAc)
INSERT INTO CONTATOAC (CPF, Contato) VALUES ('12345678900', '81998190000');
INSERT INTO CONTATOAC (CPF, Contato) VALUES ('12345678900', 'Maria.Pereira@gmail.com');
INSERT INTO CONTATOAC (CPF, Contato) VALUES ('12345678900', '81993427893');
INSERT INTO CONTATOAC (CPF, Contato) VALUES ('98765432111', '81997732138');
INSERT INTO CONTATOAC (CPF, Contato) VALUES ('98765432111', 'Lineuzinho73@hotmail.com');
INSERT INTO CONTATOAC (CPF, Contato) VALUES ('98765432111', 'shaolinmatadordeporco@hotmail.com');
INSERT INTO CONTATOAC (CPF, Contato) VALUES ('45612378922', '81988714153');
INSERT INTO CONTATOAC (CPF, Contato) VALUES ('45612378922', '81993338377');

-- Contratou(CPF_Aluno, ID_Plano, Data, Desconto)
INSERT INTO CONTRATOU (CPF_Aluno, ID_Plano, Data, Desconto) VALUES ('12345678900', 4, TO_DATE('03-01-2025', 'DD-MM-YYYY'), 10.00);
INSERT INTO CONTRATOU (CPF_Aluno, ID_Plano, Data, Desconto) VALUES ('98765432111', 3, TO_DATE('03-02-2025', 'DD-MM-YYYY'), 15.00);
INSERT INTO CONTRATOU (CPF_Aluno, ID_Plano, Data, Desconto) VALUES ('45612378922', 1, TO_DATE('03-03-2025', 'DD-MM-YYYY'), 20.00);
INSERT INTO CONTRATOU (CPF_Aluno, ID_Plano, Data, Desconto) VALUES ('78945612333', 1, TO_DATE('03-04-2025', 'DD-MM-YYYY'), 5.00);
INSERT INTO CONTRATOU (CPF_Aluno, ID_Plano, Data, Desconto) VALUES ('32165498744', 4, TO_DATE('03-05-2025', 'DD-MM-YYYY'), 12.00);
INSERT INTO CONTRATOU (CPF_Aluno, ID_Plano, Data, Desconto) VALUES ('74185296355', 2, TO_DATE('03-06-2025', 'DD-MM-YYYY'), 18.00);
INSERT INTO CONTRATOU (CPF_Aluno, ID_Plano, Data, Desconto) VALUES ('15935785266', 4, TO_DATE('03-07-2025', 'DD-MM-YYYY'), 8.00);
INSERT INTO CONTRATOU (CPF_Aluno, ID_Plano, Data, Desconto) VALUES ('85274196377', 3, TO_DATE('03-08-2025', 'DD-MM-YYYY'), 10.00);


-- FT_POSSUI_Ex(Cod, ID)
INSERT INTO FT_POSSUI_EX (Cod, ID) VALUES (1, 5);
INSERT INTO FT_POSSUI_EX (Cod, ID) VALUES (1, 3);
INSERT INTO FT_POSSUI_EX (Cod, ID) VALUES (1, 1);
INSERT INTO FT_POSSUI_EX (Cod, ID) VALUES (2, 1);
INSERT INTO FT_POSSUI_EX (Cod, ID) VALUES (3, 4);
INSERT INTO FT_POSSUI_EX (Cod, ID) VALUES (3, 2);
INSERT INTO FT_POSSUI_EX (Cod, ID) VALUES (3, 5);
INSERT INTO FT_POSSUI_EX (Cod, ID) VALUES (4, 1);
INSERT INTO FT_POSSUI_EX (Cod, ID) VALUES (4, 2);
INSERT INTO FT_POSSUI_EX (Cod, ID) VALUES (5, 3);
INSERT INTO FT_POSSUI_EX (Cod, ID) VALUES (6, 4);
INSERT INTO FT_POSSUI_EX (Cod, ID) VALUES (6, 1);
INSERT INTO FT_POSSUI_EX (Cod, ID) VALUES (6, 2);


-- Realiza(CPF_Aluno, COD_Equipamento, ID, Data)
INSERT INTO REALIZA VALUES ('12345678900', 1, 5, TO_DATE('01-03-2025', 'DD-MM-YYYY'));
INSERT INTO REALIZA VALUES ('12345678900', 6, 3, TO_DATE('02-03-2025', 'DD-MM-YYYY'));
INSERT INTO REALIZA VALUES ('12345678900', 1, 2, TO_DATE('03-03-2025', 'DD-MM-YYYY'));
INSERT INTO REALIZA VALUES ('12345678900', 1, 2, TO_DATE('04-03-2025', 'DD-MM-YYYY'));
INSERT INTO REALIZA VALUES ('12345678900', 2, 3, TO_DATE('05-03-2025', 'DD-MM-YYYY'));
INSERT INTO REALIZA VALUES ('12345678900', 1, 3, TO_DATE('06-03-2025', 'DD-MM-YYYY'));
INSERT INTO REALIZA VALUES ('12345678900', 1, 4, TO_DATE('07-03-2025', 'DD-MM-YYYY'));
INSERT INTO REALIZA VALUES ('12345678900', 6, 2, TO_DATE('08-03-2025', 'DD-MM-YYYY'));
INSERT INTO REALIZA VALUES ('12345678900', 7, 4, TO_DATE('10-03-2025', 'DD-MM-YYYY'));
INSERT INTO REALIZA VALUES ('98765432111', 1, 1, TO_DATE('01-03-2025', 'DD-MM-YYYY'));
INSERT INTO REALIZA VALUES ('98765432111', 8, 1, TO_DATE('02-03-2025', 'DD-MM-YYYY'));
INSERT INTO REALIZA VALUES ('98765432111', 2, 2, TO_DATE('03-03-2025', 'DD-MM-YYYY'));
INSERT INTO REALIZA VALUES ('98765432111', 1, 1, TO_DATE('04-03-2025', 'DD-MM-YYYY'));
INSERT INTO REALIZA VALUES ('98765432111', 15, 2, TO_DATE('05-03-2025', 'DD-MM-YYYY'));
INSERT INTO REALIZA VALUES ('98765432111', 1, 2, TO_DATE('06-03-2025', 'DD-MM-YYYY'));
INSERT INTO REALIZA VALUES ('98765432111', 13, 5, TO_DATE('07-03-2025', 'DD-MM-YYYY'));
INSERT INTO REALIZA VALUES ('98765432111', 3, 2, TO_DATE('10-03-2025', 'DD-MM-YYYY'));
INSERT INTO REALIZA VALUES ('45612378922', 1, 1, TO_DATE('01-03-2025', 'DD-MM-YYYY'));
INSERT INTO REALIZA VALUES ('45612378922', 7, 4, TO_DATE('02-03-2025', 'DD-MM-YYYY'));
INSERT INTO REALIZA VALUES ('45612378922', 1, 2, TO_DATE('03-03-2025', 'DD-MM-YYYY'));
INSERT INTO REALIZA VALUES ('45612378922', 12, 5, TO_DATE('04-03-2025', 'DD-MM-YYYY'));
INSERT INTO REALIZA VALUES ('45612378922', 6, 2, TO_DATE('05-03-2025', 'DD-MM-YYYY'));
INSERT INTO REALIZA VALUES ('45612378922', 1, 3, TO_DATE('06-03-2025', 'DD-MM-YYYY'));
INSERT INTO REALIZA VALUES ('45612378922', 1, 4, TO_DATE('07-03-2025', 'DD-MM-YYYY'));
INSERT INTO REALIZA VALUES ('45612378922', 10, 5, TO_DATE('08-03-2025', 'DD-MM-YYYY'));
INSERT INTO REALIZA VALUES ('45612378922', 10, 1, TO_DATE('09-03-2025', 'DD-MM-YYYY'));
INSERT INTO REALIZA VALUES ('45612378922', 1, 2, TO_DATE('10-03-2025', 'DD-MM-YYYY'));
INSERT INTO REALIZA VALUES ('78945612333', 3, 3, TO_DATE('01-03-2025', 'DD-MM-YYYY'));
INSERT INTO REALIZA VALUES ('78945612333', 10, 4, TO_DATE('02-03-2025', 'DD-MM-YYYY'));
INSERT INTO REALIZA VALUES ('78945612333', 11, 5, TO_DATE('03-03-2025', 'DD-MM-YYYY'));
INSERT INTO REALIZA VALUES ('78945612333', 8, 5, TO_DATE('04-03-2025', 'DD-MM-YYYY'));
INSERT INTO REALIZA VALUES ('78945612333', 11, 1, TO_DATE('05-03-2025', 'DD-MM-YYYY'));
INSERT INTO REALIZA VALUES ('78945612333', 1, 3, TO_DATE('06-03-2025', 'DD-MM-YYYY'));
INSERT INTO REALIZA VALUES ('78945612333', 9, 2, TO_DATE('09-03-2025', 'DD-MM-YYYY'));
INSERT INTO REALIZA VALUES ('78945612333', 15, 4, TO_DATE('10-03-2025', 'DD-MM-YYYY'));
INSERT INTO REALIZA VALUES ('32165498744', 15, 5, TO_DATE('01-03-2025', 'DD-MM-YYYY'));
INSERT INTO REALIZA VALUES ('32165498744', 3, 1, TO_DATE('02-03-2025', 'DD-MM-YYYY'));
INSERT INTO REALIZA VALUES ('32165498744', 15, 3, TO_DATE('03-03-2025', 'DD-MM-YYYY'));
INSERT INTO REALIZA VALUES ('32165498744', 1, 2, TO_DATE('09-03-2025', 'DD-MM-YYYY'));
INSERT INTO REALIZA VALUES ('32165498744', 2, 5, TO_DATE('10-03-2025', 'DD-MM-YYYY'));
INSERT INTO REALIZA VALUES ('74185296355', 11, 4, TO_DATE('01-03-2025', 'DD-MM-YYYY'));
INSERT INTO REALIZA VALUES ('74185296355', 1, 5, TO_DATE('02-03-2025', 'DD-MM-YYYY'));
INSERT INTO REALIZA VALUES ('74185296355', 1, 1, TO_DATE('03-03-2025', 'DD-MM-YYYY'));
INSERT INTO REALIZA VALUES ('74185296355', 8, 2, TO_DATE('04-03-2025', 'DD-MM-YYYY'));
INSERT INTO REALIZA VALUES ('74185296355', 12, 5, TO_DATE('09-03-2025', 'DD-MM-YYYY'));
INSERT INTO REALIZA VALUES ('74185296355', 1, 4, TO_DATE('10-03-2025', 'DD-MM-YYYY'));
INSERT INTO REALIZA VALUES ('15935785266', 9, 5, TO_DATE('01-03-2025', 'DD-MM-YYYY'));
INSERT INTO REALIZA VALUES ('15935785266', 11, 5, TO_DATE('02-03-2025', 'DD-MM-YYYY'));
INSERT INTO REALIZA VALUES ('15935785266', 1, 2, TO_DATE('03-03-2025', 'DD-MM-YYYY'));
INSERT INTO REALIZA VALUES ('15935785266', 2, 4, TO_DATE('04-03-2025', 'DD-MM-YYYY'));
INSERT INTO REALIZA VALUES ('15935785266', 13, 3, TO_DATE('08-03-2025', 'DD-MM-YYYY'));
INSERT INTO REALIZA VALUES ('15935785266', 1, 1, TO_DATE('09-03-2025', 'DD-MM-YYYY'));
INSERT INTO REALIZA VALUES ('15935785266', 3, 2, TO_DATE('10-03-2025', 'DD-MM-YYYY'));
INSERT INTO REALIZA VALUES ('85274196377', 12, 4, TO_DATE('01-03-2025', 'DD-MM-YYYY'));
INSERT INTO REALIZA VALUES ('85274196377', 12, 5, TO_DATE('02-03-2025', 'DD-MM-YYYY'));
INSERT INTO REALIZA VALUES ('85274196377', 4, 5, TO_DATE('06-03-2025', 'DD-MM-YYYY'));
INSERT INTO REALIZA VALUES ('85274196377', 12, 5, TO_DATE('07-03-2025', 'DD-MM-YYYY'));
INSERT INTO REALIZA VALUES ('85274196377', 3, 4, TO_DATE('08-03-2025', 'DD-MM-YYYY'));
INSERT INTO REALIZA VALUES ('85274196377', 6, 1, TO_DATE('09-03-2025', 'DD-MM-YYYY'));
INSERT INTO REALIZA VALUES ('85274196377', 13, 3, TO_DATE('10-03-2025', 'DD-MM-YYYY'));